{
  "project_info": {
    "project_number": "212921206163",
    "project_id": "fb07-f49ca",
    "storage_bucket": "fb07-f49ca.appspot.com"
  },
  "client": [
    {
      "client_info": {
        "mobilesdk_app_id": "1:212921206163:android:6dd7c7b7d52dead0dc1466",
        "android_client_info": {
          "package_name": "com.example.spfb"
        }
      },
      "oauth_client": [
        {
          "client_id": "212921206163-kri1emhgnsfbj8q750dl7aa7c6v5vi14.apps.googleusercontent.com",
          "client_type": 3
        }
      ],
      "api_key": [
        {
          "current_key": "AIzaSyBf3MgbMKGFWmMhW7bE0IGF_wUt9by-CgE"
        }
      ],
      "services": {
        "appinvite_service": {
          "other_platform_oauth_client": [
            {
              "client_id": "212921206163-kri1emhgnsfbj8q750dl7aa7c6v5vi14.apps.googleusercontent.com",
              "client_type": 3
            }
          ]
        }
      }
    }
  ],
  "configuration_version": "1"
}